<?xml version="1.0" encoding="UTF-8"?>
<Language>    
	<Amazigh_Latin>
      <A0>ⴰ</A0> 
      <A1>ⴱ</A1>
      <A2>ⴲ</A2>
      <A3>ⴳ</A3>
      <A4>ⴴ</A4>
      <A5>ⴵ</A5> 
      <A6>ⴷ</A6>
      <A7>ⴸ</A7>
      <A8>ⴹ</A8>
      <A9>ⴺ</A9>
      <A10>ⴻ</A10> 
      <A11>ⴼ</A11>
      <A12>ⴽ</A12>
      <A13>ⴿ</A13>
      <A14>ⵀ</A14>
      <A15>ⵃ</A15> 
      <A16>ⵄ</A16>
      <A17>ⵅ</A17>
      <A18>ⵇ</A18>
      <A19>ⵉ</A19>
      <A20>ⵊ</A20> 
      <A21>ⵍ</A21>
      <A22>ⵎ</A22>
      <A23>ⵏ</A23>
      <A24>ⵓ</A24>
      <A25>ⵔ</A25> 
      <A26>ⵕ</A26>
      <A27>ⵖ</A27>
      <A28>ⵙ</A28>
      <A29>ⵚ</A29>
      <A30>ⵛ</A30> 
      <A31>ⵜ</A31>
      <A32>ⵝ</A32>
      <A33>ⵞ</A23>
      <A34>ⵟ</A34>
      <A35>ⵠ</A35>
      <A36>ⵡ</A36>
      <A37>ⵢ</A37>
      <A38>ⵣ</A38>
      <A39>ⵥ</A39>
      <A40>ⵯ</A40> 

      <A0>a</A0>
      <A1>b</A1>
      <A2>ḇ</A2>
      <A3>g</A3>
      <A4>g̱</A4>
      <A5>ğ</A5>
      <A6>d</A6>
      <A7>ḏ</A7>
      <A8>ḍ</A8>
      <A9>ḍ̱</A9>
      <A10>e</A10>
      <A11>f</A11>
      <A12>k</A12>
      <A13>ḵ</A13>
      <A14>h</A14>
      <A15>ḥ</A15>
      <A16>ɛ</A16>
      <A17>x</A17>
      <A18>q</A18>
      <A19>i</A19>
      <A20>j</A20>
      <A21>l</A21>
      <A22>m</A22>
      <A23>n</A23>
      <A24>u</A24>
      <A25>r</A25>
      <A26>ṛ</A26>
      <A27>ɣ</A27>
      <A28>s</A28>
      <A29>ṣ</A29>
      <A30>c</A30> 
      <A31>t</A31> 
      <A32>ṯ</A32>
      <A33>č</A23>
      <A34>ṭ</A34>
      <A35>v</A35>
      <A36>w</A36>
      <A37>y</A37>
      <A38>z</A38>
      <A39>ẓ</A39>
      <A40>°</A40>
  </Amazigh_Latin>

</Language>