<?xml version="1.0" encoding="UTF-8"?>
<Language>    
  <Arabe_Amazigh>
      <A0>ا</A0> 
      <A1>ب</A1>
      <A2>گ</A2>
      <A3>د</A3>
      <A4>ض</A4>
      <A5>ه</A5> 
      <A6>ف</A6>
      <A7>ك</A7>
      <A8>ھ</A8>
      <A9>ح</A9>
      <A10>ع</A10> 
      <A11>خ</A11>
      <A12>ق</A12>
      <A13>ي</A13>
      <A14>ج</A14>
      <A15>ل</A15> 
      <A16>م</A16>
      <A17>ن</A17>
      <A18>و</A18>
      <A19>ر</A19>
      <A20>ڕ</A20> 
      <A21>غ</A21>
      <A22>س</A22>
      <A23>ص</A23>
      <A24>ش</A24>
      <A25>ت</A25> 
      <A26>ط</A26>
      <A27>و</A27>
      <A28>ي</A28>
      <A29>ز</A29>
      <A30>ژ</A30> 
      <A31>'ٍ</A31>

      <A0>ⴰ</A0> 
      <A1>ⴱ</A1>
      <A2>ⴳ</A2>
      <A3>ⴷ</A3>
      <A4>ⴹ</A4>
      <A5>ⴻ</A5> 
      <A6>ⴼ</A6>
      <A7>ⴽ</A7>
      <A8>ⵀ</A8>
      <A9>ⵃ</A9>
      <A10>ⵄ</A10> 
      <A11>ⵅ</A11>
      <A12>ⵇ</A12>
      <A13>ⵉ</A13>
      <A14>ⵊ</A14>
      <A15>ⵍ</A15> 
      <A16>ⵎ</A16>
      <A17>ⵏ</A17>
      <A18>ⵓ</A18>
      <A19>ⵔ</A19>
      <A20>ⵕ</A20> 
      <A21>ⵖ</A21>
      <A22>ⵙ</A22>
      <A23>ⵚ</A23>
      <A24>ⵛ</A24>
      <A25>ⵜ</A25> 
      <A26>ⵟ</A26>
      <A27>ⵡ</A27>
      <A28>ⵢ</A28>
      <A29>ⵣ</A29>
      <A30>ⵥ</A30> 
      <A31>ⵯ</A31>
              
  </Arabe_Amazigh>
</Language>