<?xml version="1.0" encoding="UTF-8"?>
<Language>    
	<Arabe_Latin>
      <A0>ا</A0> 
      <A1>ب</A1>
      <A2>ة</A2>
      <A3>ت</A3>
      <A4>ث</A4>
      <A5>ج</A5> 
      <A6>ح</A6>
      <A7>خ</A7>
      <A8>د</A8>
      <A9>ذ</A9>
      <A10>ر</A10> 
      <A11>ز</A11>
      <A12>س</A12>
      <A13>ش</A13>
      <A14>ص</A14>
      <A15>ض</A15> 
      <A16>ط</A16>
      <A17>ظ</A17>
      <A18>ع</A18>
      <A19>غ</A19>
      <A20>ف</A20> 
      <A21>ق</A21>
      <A22>ك</A22>
      <A23>ل</A23>
      <A24>م</A24>
      <A25>ن</A25> 
      <A26>ه</A26>
      <A27>و</A27>
      <A28>ى</A28>
      <A29>ي</A29>
      <A30>'ً</A30> 
      <A31>'ٍ</A31>

      <A0>a</A0>
      <A1>b</A1>
      <A2>p</A2>
      <A3>t</A3>
      <A4>v</A4>
      <A5>j</A5>
      <A6>h</A6>
      <A7>x</A7>
      <A8>d</A8>
      <A9>*</A9>
      <A10>r</A10>
      <A11>z</A11>
      <A12>s</A12>
      <A13>H</A13>
      <A14>S</A14>
      <A15>D</A15>
      <A16>T</A16>
      <A17>Z</A17>
      <A18>E</A18>
      <A19>g</A19>
      <A20>f</A20>
      <A21>q</A21>
      <A22>k</A22>
      <A23>l</A23>
      <A24>m</A24>
      <A25>n</A25>
      <A26>h</A26>
      <A27>w</A27>
      <A28>Y</A28>
      <A29>y</A29>
      <A30>F</A30> 
      <A31>K</A31> 
    </Arabe_Latin>

</Language>