<Langague><Source_Cible><A0>
</A0><A1>
</A1><A2>
</A2><A3>
</A3><A4>
</A4><A5>
</A5><A6>
</A6><A7>
</A7><A8>
</A8><A9>
</A9><A10>
</A10><A11>
</A11><A12>
</A12><A13>
</A13><A14>
</A14><A15>
</A15><A16>
</A16><A17>
</A17><A18>
</A18><A19>
</A19><A20>
</A20><A21>
</A21><A22>
</A22><A23>
</A23><A24>
</A24><A25>
</A25><A0>
</A0><A1>
</A1><A2>
</A2><A3>
</A3><A4>
</A4><A5>
</A5><A6>
</A6><A7>
</A7><A8>
</A8><A9>
</A9><A10>
</A10><A11>
</A11><A12>
</A12><A13>
</A13><A14>
</A14><A15>
</A15><A16>
</A16><A17>
</A17><A18>
</A18><A19>
</A19><A20>
</A20><A21>
</A21><A22>
</A22><A23>
</A23><A24>
</A24><A25>
</A25></Source_Cible></Langague>